<?xml version="1.0" encoding="UTF-8"?><?xml-stylesheet type='text/xsl' href='_UpgradeReport_Files/UpgradeReport.xslt'?><UpgradeLog>
<Properties><Property Name="Solution" Value="Base for plugin">
</Property><Property Name="Solution File" Value="D:\Games\Jedi Academy\QMM разработка плагинов\JASS Plugins\Base_plugin\msvc\Base for plugin.sln">
</Property><Property Name="User Options File" Value="D:\Games\Jedi Academy\QMM разработка плагинов\JASS Plugins\Base_plugin\msvc\Base for plugin.suo">
</Property><Property Name="Date" Value="10 января 2012 г.">
</Property><Property Name="Time" Value="17:34">
</Property></Properties><Event ErrorLevel="0" Project="" Source="Base for plugin.sln" Description="File successfully backed up as D:\Games\Jedi Academy\QMM разработка плагинов\JASS Plugins\Base_plugin\msvc\Base for plugin.sln.old">
</Event><Event ErrorLevel="0" Project="" Source="Base for plugin.suo" Description="File successfully backed up as D:\Games\Jedi Academy\QMM разработка плагинов\JASS Plugins\Base_plugin\msvc\Base for plugin.suo.old">
</Event><Event ErrorLevel="0" Project="Base for plugin" Source="Base for plugin.vcproj" Description="Web deployment to the local IIS server is no longer supported. The Web Deployment build tool has been removed from your project settings.">
</Event><Event ErrorLevel="1" Project="Base for plugin" Source="Base for plugin.vcproj" Description="This application has been updated to include settings related to the User Account Control (UAC) feature of Windows Vista. By default, when run on Windows Vista with UAC enabled, this application is marked to run with the same privileges as the process that launched it. This marking also disables the application from running with virtualization. You can change UAC related settings from the Property Pages of the project.">
</Event><Event ErrorLevel="0" Project="Base for plugin" Source="Base for plugin.vcproj" Description="Project file successfully backed up as 'D:\Games\Jedi Academy\QMM разработка плагинов\JASS Plugins\Base_plugin\msvc\Base for plugin.vcproj.8.00.old'.">
</Event><Event ErrorLevel="0" Project="Base for plugin" Source="Base for plugin.vcproj" Description="Project upgraded successfully.">
</Event><Event ErrorLevel="3" Project="Base for plugin" Source="Base for plugin.vcproj" Description="Converted">
</Event><Event ErrorLevel="0" Project="" Source="Base for plugin.sln" Description="Solution converted successfully">
</Event><Event ErrorLevel="3" Project="" Source="Base for plugin.sln" Description="Converted">
</Event></UpgradeLog>