<?xml version="1.0" encoding="UTF-8"?><?xml-stylesheet type='text/xsl' href='_UpgradeReport_Files/UpgradeReport.xslt'?><UpgradeLog>
<Properties><Property Name="Solution" Value="Base for plugin">
</Property><Property Name="Solution File" Value="C:\Users\Millennial\Downloads\testplugin\SvTime\msvc\Base for plugin.sln">
</Property><Property Name="Date" Value="15 Eylül 2012 Cumartesi">
</Property><Property Name="Time" Value="14:45:55">
</Property><Property Name="Log Number" Value="3">
</Property></Properties><Event ErrorLevel="3" Project="Base for plugin" Source="Base for plugin.vcproj" Description="No Conversion Required">
</Event></UpgradeLog>